"Havaintoasema","Vuosi","Kuukausi","Päivä","Aika [UTC]","Hengitettävät hiukkaset <10 µm [µg/m3]"
"Virolahti Harju","2024","3","16","11:00","22.8"
"Virolahti Harju","2024","3","16","12:00","22.4"
"Virolahti Harju","2024","3","16","13:00","23.2"
"Virolahti Harju","2024","3","16","14:00","23.7"
"Virolahti Harju","2024","3","16","15:00","25"
"Virolahti Harju","2024","3","16","16:00","24.8"
"Virolahti Harju","2024","3","16","17:00","25.5"
"Virolahti Harju","2024","3","16","18:00","25.9"
"Virolahti Harju","2024","3","16","19:00","25.4"
"Virolahti Harju","2024","3","16","20:00","23.3"
"Virolahti Harju","2024","3","16","21:00","17.7"
"Virolahti Harju","2024","3","16","22:00","12.3"
"Virolahti Harju","2024","3","16","23:00","10.7"
"Virolahti Harju","2024","3","17","00:00","8.6"
"Virolahti Harju","2024","3","17","01:00","4.7"
"Virolahti Harju","2024","3","17","02:00","0.9"
"Virolahti Harju","2024","3","17","03:00","0.6"
"Virolahti Harju","2024","3","17","04:00","0.6"
"Virolahti Harju","2024","3","17","05:00","0.8"
"Virolahti Harju","2024","3","17","06:00","0.6"
"Virolahti Harju","2024","3","17","07:00","0.6"
"Virolahti Harju","2024","3","17","08:00","0.8"
"Virolahti Harju","2024","3","17","09:00","2.1"
"Virolahti Harju","2024","3","17","10:00","2.3"
"Virolahti Harju","2024","3","17","11:00","2.6"
"Virolahti Harju","2024","3","17","12:00","3"
"Virolahti Harju","2024","3","17","13:00","1.5"
"Virolahti Harju","2024","3","17","14:00","1.7"
"Virolahti Harju","2024","3","17","15:00","1.1"
"Virolahti Harju","2024","3","17","16:00","0.9"
"Virolahti Harju","2024","3","17","17:00","0.9"
"Virolahti Harju","2024","3","17","18:00","1"
"Virolahti Harju","2024","3","17","19:00","0.7"
"Virolahti Harju","2024","3","17","20:00","0.8"
"Virolahti Harju","2024","3","17","21:00","0.7"
"Virolahti Harju","2024","3","17","22:00","0.8"
"Virolahti Harju","2024","3","17","23:00","0.7"
"Virolahti Harju","2024","3","18","00:00","0.8"
"Virolahti Harju","2024","3","18","01:00","1.1"
"Virolahti Harju","2024","3","18","02:00","1.2"
"Virolahti Harju","2024","3","18","03:00","1.7"
"Virolahti Harju","2024","3","18","04:00","1.9"
"Virolahti Harju","2024","3","18","05:00","2.6"
"Virolahti Harju","2024","3","18","06:00","2.6"
"Virolahti Harju","2024","3","18","07:00","3.3"
"Virolahti Harju","2024","3","18","08:00","2.8"
"Virolahti Harju","2024","3","18","09:00","2.9"
"Virolahti Harju","2024","3","18","10:00","2.8"
"Virolahti Harju","2024","3","18","11:00","2.4"
"Virolahti Harju","2024","3","18","12:00","2.6"
"Virolahti Harju","2024","3","18","13:00","2.4"
"Virolahti Harju","2024","3","18","14:00","2.5"
"Virolahti Harju","2024","3","18","15:00","2.7"
"Virolahti Harju","2024","3","18","16:00","3"
"Virolahti Harju","2024","3","18","17:00","3"
"Virolahti Harju","2024","3","18","18:00","3"
"Virolahti Harju","2024","3","18","19:00","3.3"
"Virolahti Harju","2024","3","18","20:00","3.2"
"Virolahti Harju","2024","3","18","21:00","3.4"
"Virolahti Harju","2024","3","18","22:00","3.4"
"Virolahti Harju","2024","3","18","23:00","3.4"
"Virolahti Harju","2024","3","19","00:00","3.2"
"Virolahti Harju","2024","3","19","01:00","3"
"Virolahti Harju","2024","3","19","02:00","3.1"
"Virolahti Harju","2024","3","19","03:00","3.4"
"Virolahti Harju","2024","3","19","04:00","3.4"
"Virolahti Harju","2024","3","19","05:00","3.6"
"Virolahti Harju","2024","3","19","06:00","4.3"
"Virolahti Harju","2024","3","19","07:00","5.5"
"Virolahti Harju","2024","3","19","08:00","6.8"
"Virolahti Harju","2024","3","19","09:00","8.1"
"Virolahti Harju","2024","3","19","10:00","7.7"
"Virolahti Harju","2024","3","19","11:00","6"
"Virolahti Harju","2024","3","19","12:00","6.3"
"Virolahti Harju","2024","3","19","13:00","5.5"
"Virolahti Harju","2024","3","19","14:00","5"
"Virolahti Harju","2024","3","19","15:00","4.9"
"Virolahti Harju","2024","3","19","16:00","6"
"Virolahti Harju","2024","3","19","17:00","6.3"
"Virolahti Harju","2024","3","19","18:00","6.2"
"Virolahti Harju","2024","3","19","19:00","6.4"
"Virolahti Harju","2024","3","19","20:00","6.5"
"Virolahti Harju","2024","3","19","21:00","5.4"
"Virolahti Harju","2024","3","19","22:00","6.2"
"Virolahti Harju","2024","3","19","23:00","6.6"
"Virolahti Harju","2024","3","20","00:00","7.5"
"Virolahti Harju","2024","3","20","01:00","9.6"
"Virolahti Harju","2024","3","20","02:00","8.9"
"Virolahti Harju","2024","3","20","03:00","8.8"
"Virolahti Harju","2024","3","20","04:00","9.1"
"Virolahti Harju","2024","3","20","05:00","9.7"
"Virolahti Harju","2024","3","20","06:00","11.8"
"Virolahti Harju","2024","3","20","07:00","12.6"
"Virolahti Harju","2024","3","20","08:00","13.6"
"Virolahti Harju","2024","3","20","09:00","16.4"
"Virolahti Harju","2024","3","20","10:00","14.7"
"Virolahti Harju","2024","3","20","11:00","13.2"
"Virolahti Harju","2024","3","20","12:00","12.2"
"Virolahti Harju","2024","3","20","13:00","10.3"
"Virolahti Harju","2024","3","20","14:00","9.3"
"Virolahti Harju","2024","3","20","15:00","6.7"
"Virolahti Harju","2024","3","20","16:00","7.3"
"Virolahti Harju","2024","3","20","17:00","6.6"
"Virolahti Harju","2024","3","20","18:00","3"
"Virolahti Harju","2024","3","20","19:00","1.7"
"Virolahti Harju","2024","3","20","20:00","2"
"Virolahti Harju","2024","3","20","21:00","2"
"Virolahti Harju","2024","3","20","22:00","2.3"
"Virolahti Harju","2024","3","20","23:00","2"
"Virolahti Harju","2024","3","21","00:00","2.1"
"Virolahti Harju","2024","3","21","01:00","1.6"
"Virolahti Harju","2024","3","21","02:00","1.8"
"Virolahti Harju","2024","3","21","03:00","2.2"
"Virolahti Harju","2024","3","21","04:00","3"
"Virolahti Harju","2024","3","21","05:00","3.4"
"Virolahti Harju","2024","3","21","06:00","5.7"
"Virolahti Harju","2024","3","21","07:00","7.1"
"Virolahti Harju","2024","3","21","08:00","8"
"Virolahti Harju","2024","3","21","09:00","6.9"
"Virolahti Harju","2024","3","21","10:00","8.7"
"Virolahti Harju","2024","3","21","11:00","10.5"
"Virolahti Harju","2024","3","21","12:00","11"
"Virolahti Harju","2024","3","21","13:00","11.4"
"Virolahti Harju","2024","3","21","14:00","12.4"
"Virolahti Harju","2024","3","21","15:00","12"
"Virolahti Harju","2024","3","21","16:00","11.2"
"Virolahti Harju","2024","3","21","17:00","10.2"
"Virolahti Harju","2024","3","21","18:00","12.3"
"Virolahti Harju","2024","3","21","19:00","14.5"
"Virolahti Harju","2024","3","21","20:00","15.6"
"Virolahti Harju","2024","3","21","21:00","16.4"
"Virolahti Harju","2024","3","21","22:00","15.3"
"Virolahti Harju","2024","3","21","23:00","13.6"
"Virolahti Harju","2024","3","22","00:00","12.8"
"Virolahti Harju","2024","3","22","01:00","11.1"
"Virolahti Harju","2024","3","22","02:00","9.6"
"Virolahti Harju","2024","3","22","03:00","8.8"
"Virolahti Harju","2024","3","22","04:00","7.8"
"Virolahti Harju","2024","3","22","05:00","6.3"
"Virolahti Harju","2024","3","22","06:00","5.8"
"Virolahti Harju","2024","3","22","07:00","4.8"
"Virolahti Harju","2024","3","22","08:00","3.8"
"Virolahti Harju","2024","3","22","09:00","3"
"Virolahti Harju","2024","3","22","10:00","2"
"Virolahti Harju","2024","3","22","11:00","1.5"
"Virolahti Harju","2024","3","22","12:00","1.7"
"Virolahti Harju","2024","3","22","13:00","2.3"
"Virolahti Harju","2024","3","22","14:00","1.9"
"Virolahti Harju","2024","3","22","15:00","2.2"
"Virolahti Harju","2024","3","22","16:00","3"
"Virolahti Harju","2024","3","22","17:00","2.2"
"Virolahti Harju","2024","3","22","18:00","2"
"Virolahti Harju","2024","3","22","19:00","2.9"
"Virolahti Harju","2024","3","22","20:00","2.5"
"Virolahti Harju","2024","3","22","21:00","1.8"
"Virolahti Harju","2024","3","22","22:00","1.7"
"Virolahti Harju","2024","3","22","23:00","1.5"
"Virolahti Harju","2024","3","23","00:00","0.7"
"Virolahti Harju","2024","3","23","01:00","0.4"
"Virolahti Harju","2024","3","23","02:00","0.5"
"Virolahti Harju","2024","3","23","03:00","1.3"
"Virolahti Harju","2024","3","23","04:00","1.1"
"Virolahti Harju","2024","3","23","05:00","1.3"
"Virolahti Harju","2024","3","23","06:00","1.5"
"Virolahti Harju","2024","3","23","07:00","1.3"
"Virolahti Harju","2024","3","23","08:00","1.2"
"Virolahti Harju","2024","3","23","09:00","0.8"
"Virolahti Harju","2024","3","23","10:00","1"
"Virolahti Harju","2024","3","23","11:00","1.1"
"Virolahti Harju","2024","3","23","12:00","1.2"
"Virolahti Harju","2024","3","23","13:00","1.5"
"Virolahti Harju","2024","3","23","14:00","2.1"
"Virolahti Harju","2024","3","23","15:00","2.5"
"Virolahti Harju","2024","3","23","16:00","2"
"Virolahti Harju","2024","3","23","17:00","1.5"
"Virolahti Harju","2024","3","23","18:00","1.9"
"Virolahti Harju","2024","3","23","19:00","2.2"
"Virolahti Harju","2024","3","23","20:00","3"
"Virolahti Harju","2024","3","23","21:00","2.7"
"Virolahti Harju","2024","3","23","22:00","3.4"
"Virolahti Harju","2024","3","23","23:00","5"
"Virolahti Harju","2024","3","24","00:00","5.6"
"Virolahti Harju","2024","3","24","01:00","6.3"
"Virolahti Harju","2024","3","24","02:00","5.9"
"Virolahti Harju","2024","3","24","03:00","5.1"
"Virolahti Harju","2024","3","24","04:00","5.3"
"Virolahti Harju","2024","3","24","05:00","2.2"
"Virolahti Harju","2024","3","24","06:00","1.4"
"Virolahti Harju","2024","3","24","07:00","1.7"
"Virolahti Harju","2024","3","24","08:00","1.4"
"Virolahti Harju","2024","3","24","09:00","3.4"
"Virolahti Harju","2024","3","24","10:00","5.2"
"Virolahti Harju","2024","3","24","11:00","3.9"
"Virolahti Harju","2024","3","24","12:00","3.4"
"Virolahti Harju","2024","3","24","13:00","2.7"
"Virolahti Harju","2024","3","24","14:00","2"
"Virolahti Harju","2024","3","24","15:00","2.2"
"Virolahti Harju","2024","3","24","16:00","2.2"
"Virolahti Harju","2024","3","24","17:00","2.5"
"Virolahti Harju","2024","3","24","18:00","2.9"
"Virolahti Harju","2024","3","24","19:00","2"
"Virolahti Harju","2024","3","24","20:00","2.4"
"Virolahti Harju","2024","3","24","21:00","3"
"Virolahti Harju","2024","3","24","22:00","4.3"
"Virolahti Harju","2024","3","24","23:00","4.4"
"Virolahti Harju","2024","3","25","00:00","3.1"
"Virolahti Harju","2024","3","25","01:00","3.1"
"Virolahti Harju","2024","3","25","02:00","2.5"
"Virolahti Harju","2024","3","25","03:00","2.3"
"Virolahti Harju","2024","3","25","04:00","1.8"
"Virolahti Harju","2024","3","25","05:00","2.6"
"Virolahti Harju","2024","3","25","06:00","3"
"Virolahti Harju","2024","3","25","07:00","5"
"Virolahti Harju","2024","3","25","08:00","4.3"
"Virolahti Harju","2024","3","25","09:00","4.2"
"Virolahti Harju","2024","3","25","10:00","3.9"
"Virolahti Harju","2024","3","25","11:00","2.4"
"Virolahti Harju","2024","3","25","12:00","2.7"
"Virolahti Harju","2024","3","25","13:00","2.7"
"Virolahti Harju","2024","3","25","14:00","3.5"
"Virolahti Harju","2024","3","25","15:00","4.3"
"Virolahti Harju","2024","3","25","16:00","4.2"
"Virolahti Harju","2024","3","25","17:00","5.4"
"Virolahti Harju","2024","3","25","18:00","5.5"
"Virolahti Harju","2024","3","25","19:00","5"
"Virolahti Harju","2024","3","25","20:00","4.5"
"Virolahti Harju","2024","3","25","21:00","6.1"
"Virolahti Harju","2024","3","25","22:00","3.2"
"Virolahti Harju","2024","3","25","23:00","2.9"
"Virolahti Harju","2024","3","26","00:00","2.3"
"Virolahti Harju","2024","3","26","01:00","2.2"
"Virolahti Harju","2024","3","26","02:00","3"
"Virolahti Harju","2024","3","26","03:00","2.7"
"Virolahti Harju","2024","3","26","04:00","2.3"
"Virolahti Harju","2024","3","26","05:00","2.9"
"Virolahti Harju","2024","3","26","06:00","3.6"
"Virolahti Harju","2024","3","26","07:00","4.2"
"Virolahti Harju","2024","3","26","08:00","4.9"
"Virolahti Harju","2024","3","26","09:00","5"
"Virolahti Harju","2024","3","26","10:00","3.2"
"Virolahti Harju","2024","3","26","11:00","2.7"
"Virolahti Harju","2024","3","26","12:00","3.1"
"Virolahti Harju","2024","3","26","13:00","3.3"
"Virolahti Harju","2024","3","26","14:00","3"
"Virolahti Harju","2024","3","26","15:00","2.3"
"Virolahti Harju","2024","3","26","16:00","2"
"Virolahti Harju","2024","3","26","17:00","1.9"
"Virolahti Harju","2024","3","26","18:00","1.9"
"Virolahti Harju","2024","3","26","19:00","2.2"
"Virolahti Harju","2024","3","26","20:00","2.6"
"Virolahti Harju","2024","3","26","21:00","3.4"
"Virolahti Harju","2024","3","26","22:00","3.4"
"Virolahti Harju","2024","3","26","23:00","2.8"
"Virolahti Harju","2024","3","27","00:00","2.7"
"Virolahti Harju","2024","3","27","01:00","3.1"
"Virolahti Harju","2024","3","27","02:00","2.1"
"Virolahti Harju","2024","3","27","03:00","2.5"
"Virolahti Harju","2024","3","27","04:00","3.2"
"Virolahti Harju","2024","3","27","05:00","3.8"
"Virolahti Harju","2024","3","27","06:00","4.4"
"Virolahti Harju","2024","3","27","07:00","2.5"
"Virolahti Harju","2024","3","27","08:00","4.1"
"Virolahti Harju","2024","3","27","09:00","9.1"
"Virolahti Harju","2024","3","27","10:00","6.7"
"Virolahti Harju","2024","3","27","11:00","5"
"Virolahti Harju","2024","3","27","12:00","4.5"
"Virolahti Harju","2024","3","27","13:00","4.7"
"Virolahti Harju","2024","3","27","14:00","5.5"
"Virolahti Harju","2024","3","27","15:00","6.3"
"Virolahti Harju","2024","3","27","16:00","6.5"
"Virolahti Harju","2024","3","27","17:00","6.4"
"Virolahti Harju","2024","3","27","18:00","7.6"
"Virolahti Harju","2024","3","27","19:00","9"
"Virolahti Harju","2024","3","27","20:00","10.6"
"Virolahti Harju","2024","3","27","21:00","12.4"
"Virolahti Harju","2024","3","27","22:00","12.3"
"Virolahti Harju","2024","3","27","23:00","11.4"
"Virolahti Harju","2024","3","28","00:00","10.9"
"Virolahti Harju","2024","3","28","01:00","10.4"
"Virolahti Harju","2024","3","28","02:00","9.1"
"Virolahti Harju","2024","3","28","03:00","7.9"
"Virolahti Harju","2024","3","28","04:00","8.1"
"Virolahti Harju","2024","3","28","05:00","9.7"
"Virolahti Harju","2024","3","28","06:00","8.3"
"Virolahti Harju","2024","3","28","07:00","8.5"
"Virolahti Harju","2024","3","28","08:00","9.7"
"Virolahti Harju","2024","3","28","09:00","8.3"
"Virolahti Harju","2024","3","28","10:00","9.4"
"Virolahti Harju","2024","3","28","11:00","8.5"
"Virolahti Harju","2024","3","28","12:00","8"
"Virolahti Harju","2024","3","28","13:00","8"
"Virolahti Harju","2024","3","28","14:00","8.7"
"Virolahti Harju","2024","3","28","15:00","8.8"
"Virolahti Harju","2024","3","28","16:00","7.8"
"Virolahti Harju","2024","3","28","17:00","7.8"
"Virolahti Harju","2024","3","28","18:00","7.9"
"Virolahti Harju","2024","3","28","19:00","7.8"
"Virolahti Harju","2024","3","28","20:00","8.3"
"Virolahti Harju","2024","3","28","21:00","8"
"Virolahti Harju","2024","3","28","22:00","8.4"
"Virolahti Harju","2024","3","28","23:00","8.1"
"Virolahti Harju","2024","3","29","00:00","9"
"Virolahti Harju","2024","3","29","01:00","10.2"
"Virolahti Harju","2024","3","29","02:00","9.8"
"Virolahti Harju","2024","3","29","03:00","8.2"
"Virolahti Harju","2024","3","29","04:00","9.3"
"Virolahti Harju","2024","3","29","05:00","8.7"
"Virolahti Harju","2024","3","29","06:00","8.6"
"Virolahti Harju","2024","3","29","07:00","9.1"
"Virolahti Harju","2024","3","29","08:00","11.3"
"Virolahti Harju","2024","3","29","09:00","11.2"
"Virolahti Harju","2024","3","29","10:00","12.2"
"Virolahti Harju","2024","3","29","11:00","13.5"
"Virolahti Harju","2024","3","29","12:00","12"
"Virolahti Harju","2024","3","29","13:00","14.4"
"Virolahti Harju","2024","3","29","14:00","15.2"
"Virolahti Harju","2024","3","29","15:00","12.4"
"Virolahti Harju","2024","3","29","16:00","10.8"
"Virolahti Harju","2024","3","29","17:00","10.5"
"Virolahti Harju","2024","3","29","18:00","12.1"
"Virolahti Harju","2024","3","29","19:00","10.5"
"Virolahti Harju","2024","3","29","20:00","4.1"
"Virolahti Harju","2024","3","29","21:00","3.6"
"Virolahti Harju","2024","3","29","22:00","5.8"
"Virolahti Harju","2024","3","29","23:00","6.9"
"Virolahti Harju","2024","3","30","00:00","7"
"Virolahti Harju","2024","3","30","01:00","6.8"
"Virolahti Harju","2024","3","30","02:00","7"
"Virolahti Harju","2024","3","30","03:00","6.8"
"Virolahti Harju","2024","3","30","04:00","7.6"
"Virolahti Harju","2024","3","30","05:00","7.5"
"Virolahti Harju","2024","3","30","06:00","7.5"
"Virolahti Harju","2024","3","30","07:00","7.6"
"Virolahti Harju","2024","3","30","08:00","7"
"Virolahti Harju","2024","3","30","09:00","7.4"
"Virolahti Harju","2024","3","30","10:00","8.5"
"Virolahti Harju","2024","3","30","11:00","10.1"
"Virolahti Harju","2024","3","30","12:00","10.8"
"Virolahti Harju","2024","3","30","13:00","10.6"
"Virolahti Harju","2024","3","30","14:00","10.5"
"Virolahti Harju","2024","3","30","15:00","8.2"
"Virolahti Harju","2024","3","30","16:00","5.7"
"Virolahti Harju","2024","3","30","17:00","3.9"
"Virolahti Harju","2024","3","30","18:00","2.9"
"Virolahti Harju","2024","3","30","19:00","1.9"
"Virolahti Harju","2024","3","30","20:00","2"
"Virolahti Harju","2024","3","30","21:00","2.2"
"Virolahti Harju","2024","3","30","22:00","2.6"
"Virolahti Harju","2024","3","30","23:00","2.7"
"Virolahti Harju","2024","3","31","00:00","3.1"
"Virolahti Harju","2024","3","31","01:00","-"
"Virolahti Harju","2024","3","31","02:00","3.1"
"Virolahti Harju","2024","3","31","03:00","3.3"
"Virolahti Harju","2024","3","31","04:00","2.9"
"Virolahti Harju","2024","3","31","05:00","2.6"
"Virolahti Harju","2024","3","31","06:00","2.9"
"Virolahti Harju","2024","3","31","07:00","3.2"
"Virolahti Harju","2024","3","31","08:00","1.7"
"Virolahti Harju","2024","3","31","09:00","2.4"
"Virolahti Harju","2024","3","31","10:00","3.4"
"Virolahti Harju","2024","3","31","11:00","2.7"
"Virolahti Harju","2024","3","31","12:00","2.2"
"Virolahti Harju","2024","3","31","13:00","2.5"
"Virolahti Harju","2024","3","31","14:00","2.7"
"Virolahti Harju","2024","3","31","15:00","4.3"
"Virolahti Harju","2024","3","31","16:00","4.9"
"Virolahti Harju","2024","3","31","17:00","6.7"
"Virolahti Harju","2024","3","31","18:00","9.8"
"Virolahti Harju","2024","3","31","19:00","11.6"
"Virolahti Harju","2024","3","31","20:00","13"
"Virolahti Harju","2024","3","31","21:00","13.4"
"Virolahti Harju","2024","3","31","22:00","12.7"
"Virolahti Harju","2024","3","31","23:00","10.6"
"Virolahti Harju","2024","4","1","00:00","9.7"
"Virolahti Harju","2024","4","1","01:00","9.9"
"Virolahti Harju","2024","4","1","02:00","10.2"
"Virolahti Harju","2024","4","1","03:00","10.1"
"Virolahti Harju","2024","4","1","04:00","11.9"
"Virolahti Harju","2024","4","1","05:00","12.2"
"Virolahti Harju","2024","4","1","06:00","15.5"
"Virolahti Harju","2024","4","1","07:00","20.7"
"Virolahti Harju","2024","4","1","08:00","23.7"
"Virolahti Harju","2024","4","1","09:00","27"
"Virolahti Harju","2024","4","1","10:00","31.3"
"Virolahti Harju","2024","4","1","11:00","38.7"
"Virolahti Harju","2024","4","1","12:00","40.4"
"Virolahti Harju","2024","4","1","13:00","42.3"
"Virolahti Harju","2024","4","1","14:00","52.3"
"Virolahti Harju","2024","4","1","15:00","55.4"
"Virolahti Harju","2024","4","1","16:00","50.1"
"Virolahti Harju","2024","4","1","17:00","43.6"
"Virolahti Harju","2024","4","1","18:00","41.4"
"Virolahti Harju","2024","4","1","19:00","34.5"
"Virolahti Harju","2024","4","1","20:00","26.5"
"Virolahti Harju","2024","4","1","21:00","16.1"
"Virolahti Harju","2024","4","1","22:00","11.7"
"Virolahti Harju","2024","4","1","23:00","6.4"
"Virolahti Harju","2024","4","2","00:00","3.9"
"Virolahti Harju","2024","4","2","01:00","4.5"
"Virolahti Harju","2024","4","2","02:00","3.3"
"Virolahti Harju","2024","4","2","03:00","2.4"
"Virolahti Harju","2024","4","2","04:00","2.6"
"Virolahti Harju","2024","4","2","05:00","2"
"Virolahti Harju","2024","4","2","06:00","1.7"
"Virolahti Harju","2024","4","2","07:00","1.9"
"Virolahti Harju","2024","4","2","08:00","2"
"Virolahti Harju","2024","4","2","09:00","2.2"
"Virolahti Harju","2024","4","2","10:00","2.9"
"Virolahti Harju","2024","4","2","11:00","2.8"
"Virolahti Harju","2024","4","2","12:00","3"
"Virolahti Harju","2024","4","2","13:00","3.6"
"Virolahti Harju","2024","4","2","14:00","3.7"
"Virolahti Harju","2024","4","2","15:00","2.8"
"Virolahti Harju","2024","4","2","16:00","4"
"Virolahti Harju","2024","4","2","17:00","3.7"
"Virolahti Harju","2024","4","2","18:00","2.6"
"Virolahti Harju","2024","4","2","19:00","1.5"
"Virolahti Harju","2024","4","2","20:00","1.1"
"Virolahti Harju","2024","4","2","21:00","0.8"
"Virolahti Harju","2024","4","2","22:00","0.4"
"Virolahti Harju","2024","4","2","23:00","0.3"
"Virolahti Harju","2024","4","3","00:00","0.5"
"Virolahti Harju","2024","4","3","01:00","0.7"
"Virolahti Harju","2024","4","3","02:00","0.8"
"Virolahti Harju","2024","4","3","03:00","1.6"
"Virolahti Harju","2024","4","3","04:00","2.9"
"Virolahti Harju","2024","4","3","05:00","1.7"
"Virolahti Harju","2024","4","3","06:00","1.6"
"Virolahti Harju","2024","4","3","07:00","1.9"
"Virolahti Harju","2024","4","3","08:00","1.6"
"Virolahti Harju","2024","4","3","09:00","1.9"
"Virolahti Harju","2024","4","3","10:00","1.8"
"Virolahti Harju","2024","4","3","11:00","2"
"Virolahti Harju","2024","4","3","12:00","2.6"
"Virolahti Harju","2024","4","3","13:00","2.4"
"Virolahti Harju","2024","4","3","14:00","1.8"
"Virolahti Harju","2024","4","3","15:00","2.1"
"Virolahti Harju","2024","4","3","16:00","2.1"
"Virolahti Harju","2024","4","3","17:00","2.4"
"Virolahti Harju","2024","4","3","18:00","2.3"
"Virolahti Harju","2024","4","3","19:00","2.3"
"Virolahti Harju","2024","4","3","20:00","2.8"
"Virolahti Harju","2024","4","3","21:00","2.7"
"Virolahti Harju","2024","4","3","22:00","2.8"
"Virolahti Harju","2024","4","3","23:00","2.5"
"Virolahti Harju","2024","4","4","00:00","2.3"
"Virolahti Harju","2024","4","4","01:00","2.3"
"Virolahti Harju","2024","4","4","02:00","1.9"
"Virolahti Harju","2024","4","4","03:00","2.5"
"Virolahti Harju","2024","4","4","04:00","2.4"
"Virolahti Harju","2024","4","4","05:00","3.2"
"Virolahti Harju","2024","4","4","06:00","2.6"
"Virolahti Harju","2024","4","4","07:00","2.8"
"Virolahti Harju","2024","4","4","08:00","2.2"
"Virolahti Harju","2024","4","4","09:00","2.1"
"Virolahti Harju","2024","4","4","10:00","2.2"
"Virolahti Harju","2024","4","4","11:00","2"
"Virolahti Harju","2024","4","4","12:00","2.4"
"Virolahti Harju","2024","4","4","13:00","6.8"
"Virolahti Harju","2024","4","4","14:00","3.3"
"Virolahti Harju","2024","4","4","15:00","4"
"Virolahti Harju","2024","4","4","16:00","3.4"
"Virolahti Harju","2024","4","4","17:00","2.9"
"Virolahti Harju","2024","4","4","18:00","2.8"
"Virolahti Harju","2024","4","4","19:00","3"
"Virolahti Harju","2024","4","4","20:00","3.7"
"Virolahti Harju","2024","4","4","21:00","5.4"
"Virolahti Harju","2024","4","4","22:00","4.5"
"Virolahti Harju","2024","4","4","23:00","3"
"Virolahti Harju","2024","4","5","00:00","3.4"
"Virolahti Harju","2024","4","5","01:00","3.8"
"Virolahti Harju","2024","4","5","02:00","4.2"
"Virolahti Harju","2024","4","5","03:00","4"
"Virolahti Harju","2024","4","5","04:00","4"
"Virolahti Harju","2024","4","5","05:00","3.2"
"Virolahti Harju","2024","4","5","06:00","3.7"
"Virolahti Harju","2024","4","5","07:00","4"
"Virolahti Harju","2024","4","5","08:00","4.5"
"Virolahti Harju","2024","4","5","09:00","4.4"
"Virolahti Harju","2024","4","5","10:00","5"
"Virolahti Harju","2024","4","5","11:00","5.9"
"Virolahti Harju","2024","4","5","12:00","6.8"
"Virolahti Harju","2024","4","5","13:00","8.2"
"Virolahti Harju","2024","4","5","14:00","9.1"
"Virolahti Harju","2024","4","5","15:00","5.2"
"Virolahti Harju","2024","4","5","16:00","3.8"
"Virolahti Harju","2024","4","5","17:00","3.4"
"Virolahti Harju","2024","4","5","18:00","3.5"
"Virolahti Harju","2024","4","5","19:00","3.8"
"Virolahti Harju","2024","4","5","20:00","4.3"
"Virolahti Harju","2024","4","5","21:00","4.2"
"Virolahti Harju","2024","4","5","22:00","3.7"
"Virolahti Harju","2024","4","5","23:00","3"
"Virolahti Harju","2024","4","6","00:00","2.7"
"Virolahti Harju","2024","4","6","01:00","2.9"
"Virolahti Harju","2024","4","6","02:00","3.8"
"Virolahti Harju","2024","4","6","03:00","5.3"
"Virolahti Harju","2024","4","6","04:00","5.9"
"Virolahti Harju","2024","4","6","05:00","5.3"
"Virolahti Harju","2024","4","6","06:00","2.6"
"Virolahti Harju","2024","4","6","07:00","2.6"
"Virolahti Harju","2024","4","6","08:00","2.3"
"Virolahti Harju","2024","4","6","09:00","2.2"
"Virolahti Harju","2024","4","6","10:00","2.2"
"Virolahti Harju","2024","4","6","11:00","3"
"Virolahti Harju","2024","4","6","12:00","2.8"
"Virolahti Harju","2024","4","6","13:00","2.8"
"Virolahti Harju","2024","4","6","14:00","2.6"
"Virolahti Harju","2024","4","6","15:00","2.7"
"Virolahti Harju","2024","4","6","16:00","2.7"
"Virolahti Harju","2024","4","6","17:00","2.4"
"Virolahti Harju","2024","4","6","18:00","2.9"
"Virolahti Harju","2024","4","6","19:00","2.8"
"Virolahti Harju","2024","4","6","20:00","2.8"
"Virolahti Harju","2024","4","6","21:00","2.6"
"Virolahti Harju","2024","4","6","22:00","2.6"
"Virolahti Harju","2024","4","6","23:00","2.4"
"Virolahti Harju","2024","4","7","00:00","2.7"
"Virolahti Harju","2024","4","7","01:00","2.3"
"Virolahti Harju","2024","4","7","02:00","2.6"
"Virolahti Harju","2024","4","7","03:00","3.1"
"Virolahti Harju","2024","4","7","04:00","3.1"
"Virolahti Harju","2024","4","7","05:00","3.3"
"Virolahti Harju","2024","4","7","06:00","3.5"
"Virolahti Harju","2024","4","7","07:00","4.1"
"Virolahti Harju","2024","4","7","08:00","3.7"
"Virolahti Harju","2024","4","7","09:00","7.7"
"Virolahti Harju","2024","4","7","10:00","9.7"
"Virolahti Harju","2024","4","7","11:00","6.6"
"Virolahti Harju","2024","4","7","12:00","8.4"
"Virolahti Harju","2024","4","7","13:00","7"
"Virolahti Harju","2024","4","7","14:00","4.9"
"Virolahti Harju","2024","4","7","15:00","6.6"
"Virolahti Harju","2024","4","7","16:00","6.4"
"Virolahti Harju","2024","4","7","17:00","4.6"
"Virolahti Harju","2024","4","7","18:00","4.3"
"Virolahti Harju","2024","4","7","19:00","4.3"
"Virolahti Harju","2024","4","7","20:00","6.1"
"Virolahti Harju","2024","4","7","21:00","7"
"Virolahti Harju","2024","4","7","22:00","7.1"
"Virolahti Harju","2024","4","7","23:00","6.2"
"Virolahti Harju","2024","4","8","00:00","4.4"
"Virolahti Harju","2024","4","8","01:00","5.3"
"Virolahti Harju","2024","4","8","02:00","7.2"
"Virolahti Harju","2024","4","8","03:00","7.8"
"Virolahti Harju","2024","4","8","04:00","7.6"
"Virolahti Harju","2024","4","8","05:00","7.2"
"Virolahti Harju","2024","4","8","06:00","7.4"
"Virolahti Harju","2024","4","8","07:00","7"
"Virolahti Harju","2024","4","8","08:00","6.7"
"Virolahti Harju","2024","4","8","09:00","7.5"
"Virolahti Harju","2024","4","8","10:00","7.4"
"Virolahti Harju","2024","4","8","11:00","7.6"
"Virolahti Harju","2024","4","8","12:00","8.2"
"Virolahti Harju","2024","4","8","13:00","8.2"
"Virolahti Harju","2024","4","8","14:00","8.2"
"Virolahti Harju","2024","4","8","15:00","7.3"
"Virolahti Harju","2024","4","8","16:00","6.4"
"Virolahti Harju","2024","4","8","17:00","5.8"
"Virolahti Harju","2024","4","8","18:00","4.9"
"Virolahti Harju","2024","4","8","19:00","4.2"
"Virolahti Harju","2024","4","8","20:00","4.1"
"Virolahti Harju","2024","4","8","21:00","4.2"
"Virolahti Harju","2024","4","8","22:00","4.3"
"Virolahti Harju","2024","4","8","23:00","3.7"
"Virolahti Harju","2024","4","9","00:00","4.1"
"Virolahti Harju","2024","4","9","01:00","4.8"
"Virolahti Harju","2024","4","9","02:00","6.2"
"Virolahti Harju","2024","4","9","03:00","7.8"
"Virolahti Harju","2024","4","9","04:00","5.7"
"Virolahti Harju","2024","4","9","05:00","4.2"
